[
  {
    "id": "38f6499b-4e93-4fed-98af-3bb77944b612",
    "data": [
      {
        "text": "confirmer",
        "userDefined": false
      }
    ],
    "isTemplate": false,
    "count": 0,
    "updated": 1497436841
  },
  {
    "id": "43f89b4c-2889-4038-9c22-7ff10e748db3",
    "data": [
      {
        "text": "exactement",
        "userDefined": false
      }
    ],
    "isTemplate": false,
    "count": 1,
    "updated": 1497436841
  },
  {
    "id": "0bb84bd4-9d2e-49c3-b763-fca3eecb8553",
    "data": [
      {
        "text": "fais-le",
        "userDefined": false
      }
    ],
    "isTemplate": false,
    "count": 2,
    "updated": 1497436841
  },
  {
    "id": "cef52c3f-a4ef-467d-8929-df1e0d297e04",
    "data": [
      {
        "text": "bien sûr",
        "userDefined": false
      }
    ],
    "isTemplate": false,
    "count": 1,
    "updated": 1497436841
  },
  {
    "id": "481c7b14-2ddc-43f0-abd2-60a31d0140a4",
    "data": [
      {
        "text": "d\u0027accord",
        "userDefined": false
      }
    ],
    "isTemplate": false,
    "count": 2,
    "updated": 1497436841
  },
  {
    "id": "dab2e290-c4ae-4b71-9c73-1b9ab0b093ff",
    "data": [
      {
        "text": "c\u0027est correct",
        "userDefined": false
      }
    ],
    "isTemplate": false,
    "count": 0,
    "updated": 1497436841
  },
  {
    "id": "b6b10825-f2d3-4ff3-a46f-b18559594d3c",
    "data": [
      {
        "text": "je suis d\u0027accord",
        "userDefined": false
      }
    ],
    "isTemplate": false,
    "count": 0,
    "updated": 1497436841
  },
  {
    "id": "8f406a99-c9cd-440d-828c-46db793e08b0",
    "data": [
      {
        "text": "ça me va",
        "userDefined": false
      }
    ],
    "isTemplate": false,
    "count": 1,
    "updated": 1497436841
  },
  {
    "id": "6298d0c3-0667-4d00-a405-8a4501331e16",
    "data": [
      {
        "text": "oui",
        "userDefined": false
      }
    ],
    "isTemplate": false,
    "count": 1,
    "updated": 1497436841
  }
]