[
  {
    "id": "177564c7-bbf7-4174-a16e-7344b4ac276d",
    "data": [
      {
        "text": "confirmer",
        "userDefined": false
      }
    ],
    "isTemplate": false,
    "count": 0,
    "updated": 1497436841
  },
  {
    "id": "07deb1c4-8a67-455d-971b-5acb48ae3604",
    "data": [
      {
        "text": "exactement",
        "userDefined": false
      }
    ],
    "isTemplate": false,
    "count": 1,
    "updated": 1497436841
  },
  {
    "id": "06acdf0e-2f73-49ac-a6a7-5f08b402126a",
    "data": [
      {
        "text": "fais-le",
        "userDefined": false
      }
    ],
    "isTemplate": false,
    "count": 2,
    "updated": 1497436841
  },
  {
    "id": "11c113f6-7cd4-416e-8bb3-9124457e48fb",
    "data": [
      {
        "text": "bien sûr",
        "userDefined": false
      }
    ],
    "isTemplate": false,
    "count": 1,
    "updated": 1497436841
  },
  {
    "id": "7d0fafac-d56c-43a9-8207-438a47c6a9bb",
    "data": [
      {
        "text": "d\u0027accord",
        "userDefined": false
      }
    ],
    "isTemplate": false,
    "count": 2,
    "updated": 1497436841
  },
  {
    "id": "8fc60d9b-5ea1-441b-b7b0-a7c247686da7",
    "data": [
      {
        "text": "c\u0027est correct",
        "userDefined": false
      }
    ],
    "isTemplate": false,
    "count": 0,
    "updated": 1497436841
  },
  {
    "id": "e4efc119-7305-47b6-9785-eb3f0d899612",
    "data": [
      {
        "text": "je suis d\u0027accord",
        "userDefined": false
      }
    ],
    "isTemplate": false,
    "count": 0,
    "updated": 1497436841
  },
  {
    "id": "a435df10-9fe3-492e-acc8-c7f6c19de93f",
    "data": [
      {
        "text": "ça me va",
        "userDefined": false
      }
    ],
    "isTemplate": false,
    "count": 1,
    "updated": 1497436841
  },
  {
    "id": "534ac2da-c534-4c3d-8004-2db161670eb2",
    "data": [
      {
        "text": "oui",
        "userDefined": false
      }
    ],
    "isTemplate": false,
    "count": 1,
    "updated": 1497436841
  }
]