[
  {
    "id": "a8b5a3e3-7b21-41a5-ae6c-387cb9459664",
    "data": [
      {
        "text": "C\u0027est qui l\u0027assureur?",
        "userDefined": false
      }
    ],
    "isTemplate": false,
    "count": 0
  },
  {
    "id": "51773d8a-c2e9-4685-8c8e-20d4679e1f46",
    "data": [
      {
        "text": "Qui fait l\u0027assurance?",
        "userDefined": false
      }
    ],
    "isTemplate": false,
    "count": 0
  },
  {
    "id": "f1a41e64-0eaa-4e3a-bf8e-5f3dbe2d7e20",
    "data": [
      {
        "text": "Qui travaille avec CETELEM pour les assurances ?",
        "userDefined": false
      }
    ],
    "isTemplate": false,
    "count": 0
  },
  {
    "id": "c5bb33e2-9b3e-4fb4-96f9-7b8bb037dd14",
    "data": [
      {
        "text": "Quels sont les partenaires en assurance ?",
        "userDefined": false
      }
    ],
    "isTemplate": false,
    "count": 0
  },
  {
    "id": "8229f97d-3ea3-4a1a-8f9d-e3d5b41edc52",
    "data": [
      {
        "text": "Quelles entreprises proposent les assurances ?",
        "userDefined": false
      }
    ],
    "isTemplate": false,
    "count": 0
  },
  {
    "id": "89adb0ea-d900-4aa1-9899-26e0e923debf",
    "data": [
      {
        "text": "Est-ce que c\u0027est CETELEM qui dispose des assurances ?",
        "userDefined": false
      }
    ],
    "isTemplate": false,
    "count": 0
  },
  {
    "id": "deb885ef-7265-40a8-bc63-91482801b1c1",
    "data": [
      {
        "text": "Avec qui travaillez vous pour les assurances ?",
        "userDefined": false
      }
    ],
    "isTemplate": false,
    "count": 0
  },
  {
    "id": "b44090e8-5dda-431c-aca1-839c44d2325e",
    "data": [
      {
        "text": "Vous souhaitez connaître les partenaires pour les assurances",
        "userDefined": false
      }
    ],
    "isTemplate": false,
    "count": 0
  },
  {
    "id": "e3dd9c29-0145-4c56-b2a6-d627dc80b2e6",
    "data": [
      {
        "text": "quelles sont les assurances avec qui travaillent Cetelem ?",
        "userDefined": false
      }
    ],
    "isTemplate": false,
    "count": 0
  }
]