[
  {
    "id": "eaef851d-5c3c-4671-b8d1-ffb22b8f6eaa",
    "data": [
      {
        "text": "combien elle me coûtera?",
        "userDefined": false
      }
    ],
    "isTemplate": false,
    "count": 0
  },
  {
    "id": "4d03b30f-c061-4df1-85e2-0de76d34afb7",
    "data": [
      {
        "text": "combien l\u0027assurance facultative me coûtera ?",
        "userDefined": false
      }
    ],
    "isTemplate": false,
    "count": 0
  },
  {
    "id": "da801e07-51e7-44bd-91de-845810be3acf",
    "data": [
      {
        "text": "quel est le prix de l\u0027assurance facultative ?",
        "userDefined": false
      }
    ],
    "isTemplate": false,
    "count": 0
  },
  {
    "id": "3ae4b0e1-51c8-4882-a7dc-2ae3e120c371",
    "data": [
      {
        "text": "Combien coûte l\u0027assurance facultative ?",
        "userDefined": false
      }
    ],
    "isTemplate": false,
    "count": 0
  }
]