[
  {
    "id": "0d57efeb-92bf-4e55-b19e-7e0df8015cb1",
    "data": [
      {
        "text": "Quelle assurance est obligatoire ?",
        "userDefined": false
      }
    ],
    "isTemplate": false,
    "count": 0
  },
  {
    "id": "bad5dec6-bfe8-4aa9-bf70-b5bf25193fc6",
    "data": [
      {
        "text": "Y\u0027a-t-il ",
        "userDefined": false
      },
      {
        "text": "une",
        "meta": "@sys.ignore",
        "userDefined": false
      },
      {
        "text": " assure incluse dans le prêt ?",
        "userDefined": false
      }
    ],
    "isTemplate": false,
    "count": 0
  },
  {
    "id": "509864aa-e43b-4555-94b7-2cb6559ef725",
    "data": [
      {
        "text": "ça sert a quoi l\u0027assurance?",
        "userDefined": false
      }
    ],
    "isTemplate": false,
    "count": 0
  },
  {
    "id": "3c5a2939-111d-4e42-9d4d-78115cd80edd",
    "data": [
      {
        "text": "A quoi sert l\u0027assurance?",
        "userDefined": false
      }
    ],
    "isTemplate": false,
    "count": 0
  },
  {
    "id": "802dcbc2-50a0-4bc1-b6fe-943c9d0a0d72",
    "data": [
      {
        "text": "Je voudrais une assurance facultative",
        "userDefined": false
      }
    ],
    "isTemplate": false,
    "count": 0
  },
  {
    "id": "cae5a4c7-2fed-445c-a8df-35109ef25c6d",
    "data": [
      {
        "text": "Ca prend quoi en compte l\u0027assurance facultative ?",
        "userDefined": false
      }
    ],
    "isTemplate": false,
    "count": 0
  },
  {
    "id": "341ffcb4-e01b-4a49-a654-4987b0f0a390",
    "data": [
      {
        "text": "Ca comprend quoi l\u0027assurance facultative ?",
        "userDefined": false
      }
    ],
    "isTemplate": false,
    "count": 0
  },
  {
    "id": "9d945aaf-bc5a-4c31-9955-61587bf81205",
    "data": [
      {
        "text": "Je peux avoir des renseignements sur l\u0027assurance facultative ?",
        "userDefined": false
      }
    ],
    "isTemplate": false,
    "count": 0
  },
  {
    "id": "d5e9b8f3-513f-4afe-80a5-793684d0bcde",
    "data": [
      {
        "text": "Je peux avoir des informations sur l\u0027assurance facultative ?",
        "userDefined": false
      }
    ],
    "isTemplate": false,
    "count": 0
  },
  {
    "id": "e7d988ba-8f8f-4c9b-9f6c-a2174f1f2a9b",
    "data": [
      {
        "text": "C\u0027est quoi une assurance facultative ?",
        "userDefined": false
      }
    ],
    "isTemplate": false,
    "count": 0
  },
  {
    "id": "99e21671-11bd-49e5-8f42-a98ab7e6cc4c",
    "data": [
      {
        "text": "Y a-t-il ",
        "userDefined": false
      },
      {
        "text": "une",
        "alias": "number",
        "meta": "@sys.number",
        "userDefined": false
      },
      {
        "text": " assurance obligatoire ?",
        "userDefined": false
      }
    ],
    "isTemplate": false,
    "count": 0
  },
  {
    "id": "2e503b6e-b88f-4161-9ea4-8daf02db60e5",
    "data": [
      {
        "text": "Est-ce que je dois prendre ",
        "userDefined": false
      },
      {
        "text": "une",
        "meta": "@sys.ignore",
        "userDefined": false
      },
      {
        "text": " assurance obligatoire ?",
        "userDefined": false
      }
    ],
    "isTemplate": false,
    "count": 0
  },
  {
    "id": "2ff1dcc1-8fa8-43c2-b087-a2ebbbf433ec",
    "data": [
      {
        "text": "proposez-vous une assurance obligatoire ?",
        "userDefined": false
      }
    ],
    "isTemplate": false,
    "count": 0
  },
  {
    "id": "9a0d59d2-e2e9-4c6e-8ed1-76a63b3c0510",
    "data": [
      {
        "text": "Est-ce obligatoire d\u0027avoir ",
        "userDefined": false
      },
      {
        "text": "une",
        "meta": "@sys.ignore",
        "userDefined": false
      },
      {
        "text": " assurance ?",
        "userDefined": false
      }
    ],
    "isTemplate": false,
    "count": 0
  },
  {
    "id": "8fb670f2-7d06-495c-aced-d4a444a0079a",
    "data": [
      {
        "text": "Dois-je prendre ",
        "userDefined": false
      },
      {
        "text": "une",
        "meta": "@sys.ignore",
        "userDefined": false
      },
      {
        "text": " assurance ?",
        "userDefined": false
      }
    ],
    "isTemplate": false,
    "count": 0
  },
  {
    "id": "ddf24ad4-203b-47c2-8d1a-e12319a1208e",
    "data": [
      {
        "text": "Je suis obligée de prendre une assurance ?",
        "userDefined": false
      }
    ],
    "isTemplate": false,
    "count": 0
  },
  {
    "id": "257627f2-a67e-4419-a619-30b6cdc9f26a",
    "data": [
      {
        "text": "J\u0027ai le choix de prendre ",
        "userDefined": false
      },
      {
        "text": "une",
        "meta": "@sys.ignore",
        "userDefined": false
      },
      {
        "text": " assurance ?",
        "userDefined": false
      }
    ],
    "isTemplate": false,
    "count": 0
  },
  {
    "id": "781ba9ea-1269-447c-91f3-635a18de0da0",
    "data": [
      {
        "text": "Pourquoi je devrais prendre une assurance facultative ?",
        "userDefined": false
      }
    ],
    "isTemplate": false,
    "count": 0
  },
  {
    "id": "e961ed0f-c496-4a00-ba45-59e39cd5198a",
    "data": [
      {
        "text": "C\u0027est quoi ",
        "userDefined": false
      },
      {
        "text": "une",
        "meta": "@sys.ignore",
        "userDefined": false
      },
      {
        "text": " assurance facultative ?",
        "userDefined": false
      }
    ],
    "isTemplate": false,
    "count": 0
  },
  {
    "id": "fdef717d-5824-404e-8c4e-f9fd5ab6e56b",
    "data": [
      {
        "text": "Qu\u0027est-ce que l\u0027assurance facultative ?",
        "userDefined": false
      }
    ],
    "isTemplate": false,
    "count": 0
  }
]