[
  {
    "id": "35fef00a-8f28-4eaa-bb82-d7afaa8a6ab7",
    "data": [
      {
        "text": "C\u0027est quoi l\u0027assurance Y ?",
        "userDefined": false
      }
    ],
    "isTemplate": false,
    "count": 0
  },
  {
    "id": "d37acc2e-46d7-4eab-89d8-63e5f3393416",
    "data": [
      {
        "text": "Je veux des informations sur l\u0027assurance Y",
        "userDefined": false
      }
    ],
    "isTemplate": false,
    "count": 0
  },
  {
    "id": "525f5c41-feca-4ee5-a216-9ad85754d9c9",
    "data": [
      {
        "text": "Je veux des détails sur l\u0027assurance Y",
        "userDefined": false
      }
    ],
    "isTemplate": false,
    "count": 0
  },
  {
    "id": "ee9b3a4c-44e0-4c7c-a76c-92f85b7a07be",
    "data": [
      {
        "text": "Je veux des renseignements sur l\u0027assurance Y",
        "userDefined": false
      }
    ],
    "isTemplate": false,
    "count": 0
  },
  {
    "id": "e69ef9b9-12f9-480d-972c-abdcc2d313ac",
    "data": [
      {
        "text": "Je voudrais savoir ce qu\u0027est l\u0027assurance Y",
        "userDefined": false
      }
    ],
    "isTemplate": false,
    "count": 0
  },
  {
    "id": "bf2ca61a-cefc-4a22-86d4-ff27c5385811",
    "data": [
      {
        "text": "c\u0027est quoi l\u0027assurance Y ?",
        "userDefined": false
      }
    ],
    "isTemplate": false,
    "count": 0
  },
  {
    "id": "6e2618dc-1d7a-4416-970b-5a1f3d1d8016",
    "data": [
      {
        "text": "Que comprend l\u0027assurance Y ?",
        "userDefined": false
      }
    ],
    "isTemplate": false,
    "count": 0
  }
]