[
  {
    "id": "c91791f4-adad-4efe-99bc-8233ede66333",
    "data": [
      {
        "text": "Le coût des mensualités est-il lié a mon âge ?",
        "userDefined": false
      }
    ],
    "isTemplate": false,
    "count": 0
  },
  {
    "id": "54fecd38-3dfc-49c8-9b89-b53fa143eeb4",
    "data": [
      {
        "text": "Le prix dépend t-il de mon âge ?",
        "userDefined": false
      }
    ],
    "isTemplate": false,
    "count": 0
  },
  {
    "id": "d2191c94-6c1c-428b-8305-c73d8404c13c",
    "data": [
      {
        "text": "Est-ce que le prix baisse en fonction de mon âge ?",
        "userDefined": false
      }
    ],
    "isTemplate": false,
    "count": 0
  },
  {
    "id": "130e02c9-cdc1-4101-b1e3-6f59db15d496",
    "data": [
      {
        "text": "Est-ce que le prix augmente en fonction de mon âge ?",
        "userDefined": false
      }
    ],
    "isTemplate": false,
    "count": 0
  },
  {
    "id": "4a582675-35b7-4237-ae38-07418b8534e4",
    "data": [
      {
        "text": "Est-ce que le prix change selon mon âge ?",
        "userDefined": false
      }
    ],
    "isTemplate": false,
    "count": 0
  },
  {
    "id": "2591c77e-deef-43cd-aea4-1278eae4066d",
    "data": [
      {
        "text": "Est-ce que je paie plus cher si je suis vieux ?",
        "userDefined": false
      }
    ],
    "isTemplate": false,
    "count": 0
  },
  {
    "id": "f54140ac-c629-496d-ba9c-d15e899def11",
    "data": [
      {
        "text": "Est-ce que je paie moins cher si je suis vieux ?",
        "userDefined": false
      }
    ],
    "isTemplate": false,
    "count": 0
  },
  {
    "id": "e837e9a4-92e5-4d5a-9afa-c57ba836125f",
    "data": [
      {
        "text": "Est-ce que je paie plus cher si je suis jeune ?",
        "userDefined": false
      }
    ],
    "isTemplate": false,
    "count": 0
  },
  {
    "id": "bdeee2c0-c960-43be-8aff-fc809f09e26f",
    "data": [
      {
        "text": "Est-ce que je paie moins cher si je suis jeune ?",
        "userDefined": false
      }
    ],
    "isTemplate": false,
    "count": 0
  },
  {
    "id": "afd48125-bcbb-4e69-850e-8aa6de1791d4",
    "data": [
      {
        "text": "Est-ce que je paye plus ",
        "userDefined": false
      },
      {
        "text": "cher",
        "alias": "music-artist",
        "meta": "@sys.music-artist",
        "userDefined": false
      },
      {
        "text": " mon assurance selon mon âge ?",
        "userDefined": false
      }
    ],
    "isTemplate": false,
    "count": 0
  },
  {
    "id": "f42f1d4f-80aa-452c-9475-f5b08786ab10",
    "data": [
      {
        "text": "le coût de l\u0027assurance change-t-il selon mon âge ?",
        "userDefined": false
      }
    ],
    "isTemplate": false,
    "count": 0
  }
]