[
  {
    "id": "5c7ec836-5c40-49ab-a15b-10f83f7b192a",
    "data": [
      {
        "text": "Comment je peux savoir si je suis capable de prendre ",
        "userDefined": false
      },
      {
        "text": "un",
        "meta": "@sys.ignore",
        "userDefined": false
      },
      {
        "text": " crédit?",
        "userDefined": false
      }
    ],
    "isTemplate": false,
    "count": 0
  },
  {
    "id": "d3cf531c-cb88-436d-bf29-6b4ae646b615",
    "data": [
      {
        "text": "Comment je vérifie mes capacités de remboursement?",
        "userDefined": false
      }
    ],
    "isTemplate": false,
    "count": 0
  }
]