[
  {
    "id": "c2deb547-59fc-49f6-bed8-9fbd10c9c151",
    "data": [
      {
        "text": "Je te remercie",
        "userDefined": false
      }
    ],
    "isTemplate": false,
    "count": 0
  },
  {
    "id": "9f72ea76-d436-4232-8b12-eaf5a3273a3b",
    "data": [
      {
        "text": "Merci",
        "alias": "date",
        "meta": "@sys.date",
        "userDefined": false
      }
    ],
    "isTemplate": false,
    "count": 0
  },
  {
    "id": "5b29f1a5-bc48-45f7-96b1-4b73c781003e",
    "data": [
      {
        "text": "J\u0027ai compris",
        "userDefined": false
      }
    ],
    "isTemplate": false,
    "count": 0
  },
  {
    "id": "30b45ee9-4072-4f85-9b3e-11c17ecf4ce9",
    "data": [
      {
        "text": "OK",
        "userDefined": false
      }
    ],
    "isTemplate": false,
    "count": 1
  }
]