[
  {
    "id": "421a684d-42a6-4567-9b08-06034eb2e7d3",
    "data": [
      {
        "text": "quand est-ce que je reçois ",
        "userDefined": false
      },
      {
        "text": "une",
        "alias": "number",
        "meta": "@sys.number",
        "userDefined": false
      },
      {
        "text": " réponse pour mon prêt ?",
        "userDefined": false
      }
    ],
    "isTemplate": false,
    "count": 0
  },
  {
    "id": "bcb73501-9ad3-41f3-834a-65595c0187b2",
    "data": [
      {
        "text": "Au bout de combien de temps Cetelem me donne ",
        "userDefined": false
      },
      {
        "text": "une",
        "alias": "number",
        "meta": "@sys.number",
        "userDefined": false
      },
      {
        "text": " réponse ?",
        "userDefined": false
      }
    ],
    "isTemplate": false,
    "count": 1
  },
  {
    "id": "174d4cf1-515b-4508-b3ed-b6a78d858457",
    "data": [
      {
        "text": "quel est le délai de réponse pour ma demande de prêt ?",
        "userDefined": false
      }
    ],
    "isTemplate": false,
    "count": 0
  }
]