[
  {
    "id": "d33483e8-7602-4be4-a41a-782eff4b7b7b",
    "data": [
      {
        "text": "confirmer",
        "userDefined": false
      }
    ],
    "isTemplate": false,
    "count": 0,
    "updated": 1497436841
  },
  {
    "id": "0ec7897f-b14f-4644-8e29-c578e53a6f94",
    "data": [
      {
        "text": "exactement",
        "userDefined": false
      }
    ],
    "isTemplate": false,
    "count": 1,
    "updated": 1497436841
  },
  {
    "id": "592a3b58-ed04-41bd-8048-34fac1728481",
    "data": [
      {
        "text": "fais-le",
        "userDefined": false
      }
    ],
    "isTemplate": false,
    "count": 2,
    "updated": 1497436841
  },
  {
    "id": "508fc8eb-2485-4363-a1e8-7e47e8978f6e",
    "data": [
      {
        "text": "bien sûr",
        "userDefined": false
      }
    ],
    "isTemplate": false,
    "count": 1,
    "updated": 1497436841
  },
  {
    "id": "0ab516cb-793c-43a1-a530-c387fcdc0509",
    "data": [
      {
        "text": "d\u0027accord",
        "userDefined": false
      }
    ],
    "isTemplate": false,
    "count": 2,
    "updated": 1497436841
  },
  {
    "id": "1d416182-f16e-4ca1-9f80-41d9bef9ba0d",
    "data": [
      {
        "text": "c\u0027est correct",
        "userDefined": false
      }
    ],
    "isTemplate": false,
    "count": 0,
    "updated": 1497436841
  },
  {
    "id": "c0a0a845-3525-403c-8d82-36b602701641",
    "data": [
      {
        "text": "je suis d\u0027accord",
        "userDefined": false
      }
    ],
    "isTemplate": false,
    "count": 0,
    "updated": 1497436841
  },
  {
    "id": "85ec3260-6332-4659-b065-34c6fa34843d",
    "data": [
      {
        "text": "ça me va",
        "userDefined": false
      }
    ],
    "isTemplate": false,
    "count": 1,
    "updated": 1497436841
  },
  {
    "id": "2576b0bd-6d8f-438c-9786-7b711380ea07",
    "data": [
      {
        "text": "oui",
        "userDefined": false
      }
    ],
    "isTemplate": false,
    "count": 1,
    "updated": 1497436841
  }
]