[
  {
    "id": "81fa9712-168e-438d-b871-18a3da62c73b",
    "data": [
      {
        "text": "est-ce que je peux constituer mon dossier autrement qu\u0027en ligne ?",
        "userDefined": false
      }
    ],
    "isTemplate": false,
    "count": 0
  },
  {
    "id": "525d3dc6-3bcc-45ac-b826-72b296b036f1",
    "data": [
      {
        "text": "Que dois-je faire si je ne veux pas faire mon dossier en ligne",
        "userDefined": false
      }
    ],
    "isTemplate": false,
    "count": 1
  },
  {
    "id": "bc106715-3bab-40b5-a234-185c901ab91c",
    "data": [
      {
        "text": "Je ne souhaite pas constituer mon dossier en ligne.",
        "userDefined": false
      }
    ],
    "isTemplate": false,
    "count": 0
  }
]