[
  {
    "id": "e1ac971c-3e03-4832-8315-0ac9c710e5df",
    "data": [
      {
        "text": "ne le fais pas",
        "userDefined": false
      }
    ],
    "isTemplate": false,
    "count": 1,
    "updated": 1497436840
  },
  {
    "id": "0d5fc58a-b3cf-4f30-83c1-60baa47db6f1",
    "data": [
      {
        "text": "ça ne m\u0027intéresse pas",
        "userDefined": false
      }
    ],
    "isTemplate": false,
    "count": 0,
    "updated": 1497436840
  },
  {
    "id": "c4dc0069-9f42-4269-95a3-2f7be0d4be5f",
    "data": [
      {
        "text": "je ne suis pas d\u0027accord",
        "userDefined": false
      }
    ],
    "isTemplate": false,
    "count": 1,
    "updated": 1497436840
  },
  {
    "id": "e8c32c16-d99d-49ed-ab75-de00a2b47558",
    "data": [
      {
        "text": "non",
        "userDefined": false
      }
    ],
    "isTemplate": false,
    "count": 3,
    "updated": 1497436840
  },
  {
    "id": "3e9b1873-5e7c-4f87-9203-477e4f2d73a3",
    "data": [
      {
        "text": "je ne crois pas",
        "userDefined": false
      }
    ],
    "isTemplate": false,
    "count": 2,
    "updated": 1497436840
  },
  {
    "id": "4ca1f8be-22a6-460d-9f25-b8e1f52925e6",
    "data": [
      {
        "text": "pas vraiment",
        "userDefined": false
      }
    ],
    "isTemplate": false,
    "count": 0,
    "updated": 1497436840
  },
  {
    "id": "740add3e-3af0-4c16-a222-b100995e58d4",
    "data": [
      {
        "text": "non merci",
        "userDefined": false
      }
    ],
    "isTemplate": false,
    "count": 2,
    "updated": 1497436840
  },
  {
    "id": "8453be2e-55ad-4758-8540-3a91119537c9",
    "data": [
      {
        "text": "sûrement pas",
        "userDefined": false
      }
    ],
    "isTemplate": false,
    "count": 0,
    "updated": 1497436840
  },
  {
    "id": "873c41af-499d-4dc7-b554-09706ef1c060",
    "data": [
      {
        "text": "je n\u0027en veux pas",
        "userDefined": false
      }
    ],
    "isTemplate": false,
    "count": 0,
    "updated": 1497436840
  }
]