[
  {
    "id": "734b4163-24c4-4f3c-a53e-a0b5848af333",
    "data": [
      {
        "text": "que dois-je faire pour constituer mon dossier ?",
        "userDefined": false
      }
    ],
    "isTemplate": false,
    "count": 0
  },
  {
    "id": "a2d2b5f7-3edd-4e43-b5cf-b3fadcac703d",
    "data": [
      {
        "text": "comment constitue-t-on un dossier ?",
        "userDefined": false
      }
    ],
    "isTemplate": false,
    "count": 0
  },
  {
    "id": "b5f61ed8-8d8c-4ad3-9bf4-46daaec75941",
    "data": [
      {
        "text": "que faut-il faire pour monter mon dossier ?",
        "userDefined": false
      }
    ],
    "isTemplate": false,
    "count": 0
  },
  {
    "id": "1e345bbe-26c4-4cb6-96df-d59e6f36211c",
    "data": [
      {
        "text": "Comment je peux constituer mon dossier?",
        "userDefined": false
      }
    ],
    "isTemplate": false,
    "count": 0
  },
  {
    "id": "3ca1580b-cb92-43a9-be5b-dcb8fd6cbe57",
    "data": [
      {
        "text": "Comment je dois constituer mon dossier?",
        "userDefined": false
      }
    ],
    "isTemplate": false,
    "count": 0
  }
]