[
  {
    "id": "dcfdd655-a5b0-4fff-9bf3-e9a73120c14c",
    "data": [
      {
        "text": "L\u0027appel est gratuit ?",
        "userDefined": false
      }
    ],
    "isTemplate": false,
    "count": 0
  },
  {
    "id": "fe0a48c3-7f54-459f-8016-938c1a82b62a",
    "data": [
      {
        "text": "L\u0027appel au conseiller est gratuit ?",
        "userDefined": false
      }
    ],
    "isTemplate": false,
    "count": 0
  },
  {
    "id": "f5143c13-c10b-43eb-96f6-e5ff8dd244b3",
    "data": [
      {
        "text": "Quel est le prix de l\u0027appel à la minute ?",
        "userDefined": false
      }
    ],
    "isTemplate": false,
    "count": 0
  },
  {
    "id": "785ff8ff-2d58-45c9-b6fd-a13f683ad4b0",
    "data": [
      {
        "text": "Combien coûte l\u0027appel ?",
        "userDefined": false
      }
    ],
    "isTemplate": false,
    "count": 0
  },
  {
    "id": "412b3a5a-37df-4fce-8838-942a88bd8f2d",
    "data": [
      {
        "text": "L\u0027appel est-il surtaxé ?",
        "userDefined": false
      }
    ],
    "isTemplate": false,
    "count": 0
  },
  {
    "id": "c1cfd2f7-ed06-4ca3-9f24-4088468007a1",
    "data": [
      {
        "text": "Quel est le coût de l\u0027appel ?",
        "userDefined": false
      }
    ],
    "isTemplate": false,
    "count": 0
  }
]