[
  {
    "id": "cdebea60-6444-453b-8f3f-2cc7c1e2a9f0",
    "data": [
      {
        "text": "Je voudrais plus d\u0027informations sur le Taux Annuel Effectif Global",
        "userDefined": false
      }
    ],
    "isTemplate": false,
    "count": 0
  },
  {
    "id": "f8f70eff-5d0a-48fc-9e47-f807575340d6",
    "data": [
      {
        "text": "Je ne comprends pas ",
        "userDefined": false
      },
      {
        "text": "TAEG",
        "meta": "@sys.ignore",
        "userDefined": false
      }
    ],
    "isTemplate": false,
    "count": 0
  },
  {
    "id": "8c33a9ab-aba4-4290-9c9f-ffc8f633757a",
    "data": [
      {
        "text": "ça veut dire quoi ",
        "userDefined": false
      },
      {
        "text": "TAEG",
        "meta": "@sys.ignore",
        "userDefined": false
      },
      {
        "text": " ?",
        "userDefined": false
      }
    ],
    "isTemplate": false,
    "count": 0
  },
  {
    "id": "a829fb73-9d00-4f75-be73-8ea036605b6c",
    "data": [
      {
        "text": "C\u0027est quoi ",
        "userDefined": false
      },
      {
        "text": "TAEG",
        "meta": "@sys.ignore",
        "userDefined": false
      },
      {
        "text": " ?",
        "userDefined": false
      }
    ],
    "isTemplate": false,
    "count": 0
  },
  {
    "id": "22837dc4-8e84-414e-b2fe-e91ce1bc5c94",
    "data": [
      {
        "text": "Que signifie TAEG ?",
        "userDefined": false
      }
    ],
    "isTemplate": false,
    "count": 0
  }
]