[
  {
    "id": "ce6aba97-28a7-4686-897c-dd3ea7664c2b",
    "data": [
      {
        "text": "non",
        "userDefined": false
      }
    ],
    "isTemplate": false,
    "count": 3,
    "updated": 1497436840
  },
  {
    "id": "1503d34d-a5d9-4934-9b85-de444eddd4ce",
    "data": [
      {
        "text": "no",
        "userDefined": false
      }
    ],
    "isTemplate": false,
    "count": 0
  },
  {
    "id": "4d03f95b-2ba7-4f04-b4cf-8177d62c615f",
    "data": [
      {
        "text": "ne le fais pas",
        "userDefined": false
      }
    ],
    "isTemplate": false,
    "count": 1,
    "updated": 1497436840
  },
  {
    "id": "e7513985-9577-4520-aa0e-4821f65bcf74",
    "data": [
      {
        "text": "ça ne m\u0027intéresse pas",
        "userDefined": false
      }
    ],
    "isTemplate": false,
    "count": 0,
    "updated": 1497436840
  },
  {
    "id": "2bcca422-d6ad-43ed-9194-7bd1d6539f1d",
    "data": [
      {
        "text": "je ne suis pas d\u0027accord",
        "userDefined": false
      }
    ],
    "isTemplate": false,
    "count": 2,
    "updated": 1497436840
  },
  {
    "id": "3f4f82d7-90e8-421f-ba91-8cd0ce06f687",
    "data": [
      {
        "text": "je ne crois pas",
        "userDefined": false
      }
    ],
    "isTemplate": false,
    "count": 2,
    "updated": 1497436840
  },
  {
    "id": "4b396384-4d4a-46b9-b5d9-21f723d41f96",
    "data": [
      {
        "text": "pas vraiment",
        "userDefined": false
      }
    ],
    "isTemplate": false,
    "count": 0,
    "updated": 1497436840
  },
  {
    "id": "d64477c6-904c-4dc4-9c4b-a3d56ed645af",
    "data": [
      {
        "text": "non merci",
        "userDefined": false
      }
    ],
    "isTemplate": false,
    "count": 2,
    "updated": 1497436840
  },
  {
    "id": "9bf8a2a0-799e-4a32-a9b8-00ae020fe407",
    "data": [
      {
        "text": "sûrement pas",
        "userDefined": false
      }
    ],
    "isTemplate": false,
    "count": 0,
    "updated": 1497436840
  },
  {
    "id": "7e33d63f-8306-4d26-a286-744fcc45099a",
    "data": [
      {
        "text": "je n\u0027en veux pas",
        "userDefined": false
      }
    ],
    "isTemplate": false,
    "count": 0,
    "updated": 1497436840
  }
]