[
  {
    "id": "323d4da0-5f04-437d-ba36-5235d86ef9bd",
    "data": [
      {
        "text": "j\u0027ai ",
        "userDefined": false
      },
      {
        "text": "eu",
        "alias": "geo-city",
        "meta": "@sys.geo-city",
        "userDefined": false
      },
      {
        "text": " ",
        "userDefined": false
      },
      {
        "text": "un",
        "alias": "number",
        "meta": "@sys.number",
        "userDefined": false
      },
      {
        "text": " cancer il y ",
        "userDefined": false
      },
      {
        "text": "5 ans",
        "alias": "date",
        "meta": "@sys.date",
        "userDefined": false
      },
      {
        "text": ". dois-je fournir des documents liés à ma santé ?",
        "userDefined": false
      }
    ],
    "isTemplate": false,
    "count": 0
  }
]