[
  {
    "id": "3fa07168-8480-423f-9e07-1d9338e3fcdb",
    "data": [
      {
        "text": "Je suis obligée de parler de ma santé ?",
        "userDefined": false
      }
    ],
    "isTemplate": false,
    "count": 0
  },
  {
    "id": "21d8ec78-4a3e-4e4b-8507-a70c38b701f2",
    "data": [
      {
        "text": "Si je suis malade, dois-je le dire ?",
        "userDefined": false
      }
    ],
    "isTemplate": false,
    "count": 0
  },
  {
    "id": "ada26c7f-3702-428c-a83d-510ca6d7ced2",
    "data": [
      {
        "text": "Que dois-je renseigner sur ma mante ?",
        "userDefined": false
      }
    ],
    "isTemplate": false,
    "count": 0
  },
  {
    "id": "2533d4e7-d95f-49cb-9520-86fa49fb5d06",
    "data": [
      {
        "text": "Dois vous donner mon bilan santé ?",
        "userDefined": false
      }
    ],
    "isTemplate": false,
    "count": 0
  },
  {
    "id": "f2748eb3-6756-44d8-bc4a-d8be47d402be",
    "data": [
      {
        "text": "Quelles sont les informations personnelles que je dois communiquer ?",
        "userDefined": false
      }
    ],
    "isTemplate": false,
    "count": 0
  },
  {
    "id": "fa4f69bb-27f6-4df9-968e-afe9c4cce5ed",
    "data": [
      {
        "text": "Dois-je fournir des documents relatifs à ma santé ?",
        "userDefined": false
      }
    ],
    "isTemplate": false,
    "count": 0
  }
]