[
  {
    "id": "d32a977f-8209-4b35-bbbb-6f7c189602ea",
    "data": [
      {
        "text": "Combien de frais de dossier je dois payer ?",
        "userDefined": false
      }
    ],
    "isTemplate": false,
    "count": 0
  },
  {
    "id": "940365ed-24ff-4814-b21e-c2e2bd97d82a",
    "data": [
      {
        "text": "A combien s\u0027élèvent les frais de dossier?",
        "userDefined": false
      }
    ],
    "isTemplate": false,
    "count": 0
  },
  {
    "id": "1afbac4a-76a6-4048-9929-022029f332fb",
    "data": [
      {
        "text": "y a-t-il des frais de dossier ?",
        "userDefined": false
      }
    ],
    "isTemplate": false,
    "count": 0
  }
]