[
  {
    "id": "3de7a52d-8dc6-450a-b942-e97758c3790e",
    "data": [
      {
        "text": "100",
        "alias": "number",
        "meta": "@sys.number",
        "userDefined": false
      },
      {
        "text": "€",
        "userDefined": false
      }
    ],
    "isTemplate": false,
    "count": 0
  },
  {
    "id": "efa28a49-945c-4a85-8708-4444179dee33",
    "data": [
      {
        "text": "200",
        "alias": "number",
        "meta": "@sys.number",
        "userDefined": false
      }
    ],
    "isTemplate": false,
    "count": 0
  },
  {
    "id": "09284c88-28db-401e-8463-9b5c4997569a",
    "data": [
      {
        "text": "125",
        "alias": "number",
        "meta": "@sys.number",
        "userDefined": false
      },
      {
        "text": "€ par ",
        "userDefined": false
      },
      {
        "text": "mois",
        "meta": "@sys.ignore",
        "userDefined": false
      }
    ],
    "isTemplate": false,
    "count": 0
  }
]