[
  {
    "id": "19b1bca6-3289-4ffa-beaf-8f3b20c0d4a3",
    "data": [
      {
        "text": "est-ce que je suis prélevé toujours au même moment ?",
        "userDefined": false
      }
    ],
    "isTemplate": false,
    "count": 0
  },
  {
    "id": "afd42fbd-0de0-4639-a0da-a37cc0c7d64b",
    "data": [
      {
        "text": "Je peux modifier ma date de prélèvement ?",
        "userDefined": false
      }
    ],
    "isTemplate": false,
    "count": 0
  },
  {
    "id": "09418e8e-3294-4251-86d7-ca62f15c0d86",
    "data": [
      {
        "text": "Le jour de prélèvement est-il fixe ?",
        "userDefined": false
      }
    ],
    "isTemplate": false,
    "count": 0
  },
  {
    "id": "16dcaad2-91cc-4b96-a317-2d98d707fb08",
    "data": [
      {
        "text": "La date de prélèvement est-elle fixe ?",
        "userDefined": false
      }
    ],
    "isTemplate": false,
    "count": 0
  },
  {
    "id": "19621619-68d1-4266-a60c-4a458fbed8d5",
    "data": [
      {
        "text": "Est-ce que je peux reculer la date de prélèvement ?",
        "userDefined": false
      }
    ],
    "isTemplate": false,
    "count": 0
  },
  {
    "id": "5560d5d5-4806-4bf7-ad86-6adf80be1124",
    "data": [
      {
        "text": "Est-ce que je peux avancer la date de prélèvement ?",
        "userDefined": false
      }
    ],
    "isTemplate": false,
    "count": 0
  },
  {
    "id": "b3f53eea-ef5f-44cf-8672-fa89845803ec",
    "data": [
      {
        "text": "Est-ce que je peux changer la date de prélèvement ?",
        "userDefined": false
      }
    ],
    "isTemplate": false,
    "count": 0
  },
  {
    "id": "1355016c-8960-4b9c-b8cc-8cf557797ff6",
    "data": [
      {
        "text": "Quel jour je vais devoir rembourser mon crédit ?",
        "userDefined": false
      }
    ],
    "isTemplate": false,
    "count": 0
  },
  {
    "id": "49fe8c45-c0cc-4561-8db0-5dd6d0f9a593",
    "data": [
      {
        "text": "La date des mensualités doit-elles être fixe?",
        "userDefined": false
      }
    ],
    "isTemplate": false,
    "count": 0
  }
]