[
  {
    "id": "a66420c1-355d-4b85-bf52-5f721def5fd6",
    "data": [
      {
        "text": "Est-ce que je peux payer moins par ",
        "userDefined": false
      },
      {
        "text": "mois",
        "meta": "@sys.ignore",
        "userDefined": false
      },
      {
        "text": "?",
        "userDefined": false
      }
    ],
    "isTemplate": false,
    "count": 0
  },
  {
    "id": "c61882ce-ba49-4b5d-8a1f-073325ea34ec",
    "data": [
      {
        "text": "est-ce que je peux changer la mensualité?",
        "userDefined": false
      }
    ],
    "isTemplate": false,
    "count": 0
  },
  {
    "id": "adab2c19-8e60-4528-a6d9-981fe0cecc1d",
    "data": [
      {
        "text": "est-ce que je peux modifier le montant ?",
        "userDefined": false
      }
    ],
    "isTemplate": false,
    "count": 0
  },
  {
    "id": "087f72b0-e750-4bad-b10f-ddb5ed1af197",
    "data": [
      {
        "text": "est-ce que je peux changer le montant?",
        "userDefined": false
      }
    ],
    "isTemplate": false,
    "count": 0
  },
  {
    "id": "37e35f3c-e8f9-46f9-aaa1-e0b7bc6fb68b",
    "data": [
      {
        "text": "j\u0027ai envie d\u0027augmenter le montant",
        "userDefined": false
      }
    ],
    "isTemplate": false,
    "count": 0
  },
  {
    "id": "7c19503d-9c2e-43da-9b0a-d6f7e6fcb6f4",
    "data": [
      {
        "text": "j\u0027ai envie de diminuer le montant",
        "userDefined": false
      }
    ],
    "isTemplate": false,
    "count": 0
  },
  {
    "id": "c7d86e4d-0a20-4707-a12c-5c2842c5c0a2",
    "data": [
      {
        "text": "est ce que je peux changer le montant de la mensualité ?",
        "userDefined": false
      }
    ],
    "isTemplate": false,
    "count": 0
  },
  {
    "id": "5bca1b6c-0eb7-447b-8cd5-931132e11dfe",
    "data": [
      {
        "text": "est ce que je peux diminuer le montant de la mensualité ?",
        "userDefined": false
      }
    ],
    "isTemplate": false,
    "count": 0
  },
  {
    "id": "4a4dd4e3-8ace-4c5f-800b-46e509479a61",
    "data": [
      {
        "text": "je veux baisser le montant de la mensualité ?",
        "userDefined": false
      }
    ],
    "isTemplate": false,
    "count": 0
  },
  {
    "id": "da5206d7-ca9d-4cd7-b374-e240dbc27a41",
    "data": [
      {
        "text": "est ce que je peux baisser le montant de la mensualité ?",
        "userDefined": false
      }
    ],
    "isTemplate": false,
    "count": 0
  },
  {
    "id": "9623a336-1ed9-434d-ac13-edb9db8e69db",
    "data": [
      {
        "text": "je veux changer le montant de ma mensualité",
        "userDefined": false
      }
    ],
    "isTemplate": false,
    "count": 0
  },
  {
    "id": "c549ef0b-6914-4ba4-8251-0344c5eeb183",
    "data": [
      {
        "text": "je peux modifier le montant de ma mensualité ?",
        "userDefined": false
      }
    ],
    "isTemplate": false,
    "count": 1
  },
  {
    "id": "93d3e2ae-af8e-4fe5-8c9a-9f1a6d11018b",
    "data": [
      {
        "text": "c\u0027est possible de changer ma mensualité ?",
        "userDefined": false
      }
    ],
    "isTemplate": false,
    "count": 0
  },
  {
    "id": "75fa4972-1b2f-45a8-823a-9a6cfc37546f",
    "data": [
      {
        "text": "puis-je changer ma mensualité ?",
        "userDefined": false
      }
    ],
    "isTemplate": false,
    "count": 0
  },
  {
    "id": "2381a9a7-f6bd-414b-89e2-04a742125fe5",
    "data": [
      {
        "text": "est-ce possible de modifier ma mensualité ?",
        "userDefined": false
      }
    ],
    "isTemplate": false,
    "count": 0
  },
  {
    "id": "c57e537b-81a7-42c3-8648-71e9088e3d14",
    "data": [
      {
        "text": "Puis-je diminuer mes mensualités ?",
        "userDefined": false
      }
    ],
    "isTemplate": false,
    "count": 0
  },
  {
    "id": "eff0f6ef-2dbe-482c-989b-488959131a1d",
    "data": [
      {
        "text": "Est-ce que je peux modifier mes mensualités ?",
        "userDefined": false
      }
    ],
    "isTemplate": false,
    "count": 0
  }
]