[
  {
    "id": "53698861-c35d-43e9-ac3e-55452fadf346",
    "data": [
      {
        "text": "confirmer",
        "userDefined": false
      }
    ],
    "isTemplate": false,
    "count": 0,
    "updated": 1497436841
  },
  {
    "id": "f2e05aab-d652-4dd7-a1c5-929fee2fe626",
    "data": [
      {
        "text": "exactement",
        "userDefined": false
      }
    ],
    "isTemplate": false,
    "count": 1,
    "updated": 1497436841
  },
  {
    "id": "fa70d2ac-3d2f-470f-a9b2-a35766127633",
    "data": [
      {
        "text": "fais-le",
        "userDefined": false
      }
    ],
    "isTemplate": false,
    "count": 2,
    "updated": 1497436841
  },
  {
    "id": "35746901-dc6d-4ca8-8bb7-d79176e4764e",
    "data": [
      {
        "text": "bien sûr",
        "userDefined": false
      }
    ],
    "isTemplate": false,
    "count": 1,
    "updated": 1497436841
  },
  {
    "id": "5f5d8185-0dae-4f31-a2c4-502372ba66b4",
    "data": [
      {
        "text": "d\u0027accord",
        "userDefined": false
      }
    ],
    "isTemplate": false,
    "count": 2,
    "updated": 1497436841
  },
  {
    "id": "b0bb1991-afbb-438b-a8f9-d921ce9f23e9",
    "data": [
      {
        "text": "c\u0027est correct",
        "userDefined": false
      }
    ],
    "isTemplate": false,
    "count": 0,
    "updated": 1497436841
  },
  {
    "id": "887756f9-d96b-4493-bdac-a4772589f208",
    "data": [
      {
        "text": "je suis d\u0027accord",
        "userDefined": false
      }
    ],
    "isTemplate": false,
    "count": 0,
    "updated": 1497436841
  },
  {
    "id": "4412e3e4-3807-4894-b06f-1c6d51818c9c",
    "data": [
      {
        "text": "ça me va",
        "userDefined": false
      }
    ],
    "isTemplate": false,
    "count": 1,
    "updated": 1497436841
  },
  {
    "id": "cd275f07-b3d8-4dd1-9c18-207c0e2a8c15",
    "data": [
      {
        "text": "oui",
        "userDefined": false
      }
    ],
    "isTemplate": false,
    "count": 1,
    "updated": 1497436841
  }
]