[
  {
    "id": "14e4a3a7-2032-49fa-8d1b-c4a9266a82f2",
    "data": [
      {
        "text": "ne le fais pas",
        "userDefined": false
      }
    ],
    "isTemplate": false,
    "count": 1,
    "updated": 1497436840
  },
  {
    "id": "29de0891-3654-4cb9-bd39-90f320a2d501",
    "data": [
      {
        "text": "ça ne m\u0027intéresse pas",
        "userDefined": false
      }
    ],
    "isTemplate": false,
    "count": 0,
    "updated": 1497436840
  },
  {
    "id": "e89e6683-c23c-497e-b431-69c93088d18e",
    "data": [
      {
        "text": "je ne suis pas d\u0027accord",
        "userDefined": false
      }
    ],
    "isTemplate": false,
    "count": 1,
    "updated": 1497436840
  },
  {
    "id": "35446286-a4d3-4937-a2a8-f118cab16bf6",
    "data": [
      {
        "text": "non",
        "userDefined": false
      }
    ],
    "isTemplate": false,
    "count": 3,
    "updated": 1497436840
  },
  {
    "id": "118024ed-e7d2-496c-b901-49d45711a0de",
    "data": [
      {
        "text": "je ne crois pas",
        "userDefined": false
      }
    ],
    "isTemplate": false,
    "count": 2,
    "updated": 1497436840
  },
  {
    "id": "962c4e08-85dd-485a-a4bb-3fe942cbf4a6",
    "data": [
      {
        "text": "pas vraiment",
        "userDefined": false
      }
    ],
    "isTemplate": false,
    "count": 0,
    "updated": 1497436840
  },
  {
    "id": "cce90094-2654-43ff-bb90-835e96e63937",
    "data": [
      {
        "text": "non merci",
        "userDefined": false
      }
    ],
    "isTemplate": false,
    "count": 2,
    "updated": 1497436840
  },
  {
    "id": "f0348e2b-41c3-4339-a573-1b14eecc9d11",
    "data": [
      {
        "text": "sûrement pas",
        "userDefined": false
      }
    ],
    "isTemplate": false,
    "count": 0,
    "updated": 1497436840
  },
  {
    "id": "00ef7ae9-c093-4ed0-85ed-47300356b266",
    "data": [
      {
        "text": "je n\u0027en veux pas",
        "userDefined": false
      }
    ],
    "isTemplate": false,
    "count": 0,
    "updated": 1497436840
  }
]