[
  {
    "id": "ba2dd43d-c1f5-47dc-8d80-5e4727df6ef2",
    "data": [
      {
        "text": "c\u0027est quoi le prix total qui comprend l\u0027assurance?",
        "userDefined": false
      }
    ],
    "isTemplate": false,
    "count": 0
  },
  {
    "id": "3008ffe5-003d-4351-99cf-998704ace4b5",
    "data": [
      {
        "text": "En comptant l\u0027assurance le crédit me coûte combien?",
        "userDefined": false
      }
    ],
    "isTemplate": false,
    "count": 0
  },
  {
    "id": "81350c47-62aa-4930-9734-49085f73e7d3",
    "data": [
      {
        "text": "En comptant l\u0027assurance le prêt me coûte combien?",
        "userDefined": false
      }
    ],
    "isTemplate": false,
    "count": 0
  },
  {
    "id": "d5e5219e-d574-4ba7-a391-1a0ef676880f",
    "data": [
      {
        "text": "Combien je dois payer en total avec l\u0027assurance?",
        "userDefined": false
      }
    ],
    "isTemplate": false,
    "count": 0
  },
  {
    "id": "e1d78bed-c474-4c96-8ae0-e71218ec89c2",
    "data": [
      {
        "text": "Quel est le montant total?",
        "userDefined": false
      }
    ],
    "isTemplate": false,
    "count": 0
  },
  {
    "id": "98ce5aee-9f9a-4dd6-97e2-44e45aa9223f",
    "data": [
      {
        "text": "Combien je devrais payer en tout si je rajoute l\u0027assurance?",
        "userDefined": false
      }
    ],
    "isTemplate": false,
    "count": 0
  },
  {
    "id": "c20d6379-a133-4c47-8c79-44e5315eeaa3",
    "data": [
      {
        "text": "Si je rajoute l\u0027assurance que serait le montant total?",
        "userDefined": false
      }
    ],
    "isTemplate": false,
    "count": 0
  },
  {
    "id": "7949a001-290f-4bab-bdc7-4b6f1b1b5dee",
    "data": [
      {
        "text": "Avec l\u0027assurance combien serait ma mensualité?",
        "userDefined": false
      }
    ],
    "isTemplate": false,
    "count": 0
  }
]