[
  {
    "id": "d0ce28d2-1a0d-461d-9311-de007c596ed8",
    "data": [
      {
        "text": "Je ne peux pas payer le mois prochain",
        "userDefined": false
      }
    ],
    "isTemplate": false,
    "count": 0
  },
  {
    "id": "152c1430-d091-4caa-bc56-70923b870de7",
    "data": [
      {
        "text": "Je ne peux pas payer ce mois-ci",
        "userDefined": false
      }
    ],
    "isTemplate": false,
    "count": 0
  },
  {
    "id": "f4501994-9051-4bbe-aa01-803cdfc73ebe",
    "data": [
      {
        "text": "je ne peux pas payer ma mensualité",
        "userDefined": false
      }
    ],
    "isTemplate": false,
    "count": 0
  },
  {
    "id": "d245e0c3-184e-48aa-b07e-74583412154a",
    "data": [
      {
        "text": "ai-je le droit de ne pas payer une mensualité",
        "userDefined": false
      }
    ],
    "isTemplate": false,
    "count": 0
  },
  {
    "id": "a21afb54-d015-426d-8587-a7346f9efcc6",
    "data": [
      {
        "text": "Qu\u0027est-ce qui se passe si je ne peux pas payer ?",
        "userDefined": false
      }
    ],
    "isTemplate": false,
    "count": 0
  },
  {
    "id": "cc327482-a9c5-4dec-934d-b235461c209e",
    "data": [
      {
        "text": "Qu\u0027est-ce qui se passe si je ne peux pas rembourser ?",
        "userDefined": false
      }
    ],
    "isTemplate": false,
    "count": 0
  },
  {
    "id": "91549729-039a-4624-9571-7a152b1622dd",
    "data": [
      {
        "text": "Et si je ne peux pas rembourser ?",
        "userDefined": false
      }
    ],
    "isTemplate": false,
    "count": 0
  },
  {
    "id": "5e9e57cf-ab11-4789-ad9c-d903945f88ba",
    "data": [
      {
        "text": "Et si je ne peux pas payer ?",
        "userDefined": false
      }
    ],
    "isTemplate": false,
    "count": 0
  },
  {
    "id": "d1026a33-e3d5-4d25-907a-28198aca53f8",
    "data": [
      {
        "text": "Que se passe t-il si je ne peux pas rembourser une mensualité ?",
        "userDefined": false
      }
    ],
    "isTemplate": false,
    "count": 0
  },
  {
    "id": "db2962fa-c5bf-42e6-95c7-173ba4b6fee6",
    "data": [
      {
        "text": "Que se passe t-il si je ne paie pas une mensualité ?",
        "userDefined": false
      }
    ],
    "isTemplate": false,
    "count": 0
  },
  {
    "id": "878f9aec-fca5-4eda-9307-67ac296de11b",
    "data": [
      {
        "text": "Je ne peux pas payer",
        "userDefined": false
      }
    ],
    "isTemplate": false,
    "count": 0
  },
  {
    "id": "9293c9ae-ad88-4234-bac8-133e01237822",
    "data": [
      {
        "text": "Je ne paie pas",
        "userDefined": false
      }
    ],
    "isTemplate": false,
    "count": 0
  },
  {
    "id": "d2ff6177-cd2e-4d7d-873b-ed8ac7d7d07f",
    "data": [
      {
        "text": "Je ne peux pas payer mes mensualités",
        "userDefined": false
      }
    ],
    "isTemplate": false,
    "count": 0
  },
  {
    "id": "477a82e1-93da-4e6c-817d-8858435a260a",
    "data": [
      {
        "text": "Il se passe quoi si je ne paie pas ?",
        "userDefined": false
      }
    ],
    "isTemplate": false,
    "count": 0
  },
  {
    "id": "dfc443e0-64fc-410b-88f9-8eb0f587a32f",
    "data": [
      {
        "text": "Que se passe-t-il si je ne peux pas payer la prochaine mensualité ?",
        "userDefined": false
      }
    ],
    "isTemplate": false,
    "count": 0
  }
]