[
  {
    "id": "ac729362-bd61-4f1b-b6af-d9fbb89fd525",
    "data": [
      {
        "text": "est-ce que je peux reporter ma mensualité quand je veux ?",
        "userDefined": false
      }
    ],
    "isTemplate": false,
    "count": 0
  },
  {
    "id": "46a4845a-1b6b-4b45-be88-bc94060591f3",
    "data": [
      {
        "text": "Est-ce que je peux décider de reporter une mensualité quand je peux ?",
        "userDefined": false
      }
    ],
    "isTemplate": false,
    "count": 0
  },
  {
    "id": "ef6c66a9-bc8e-4039-a6f7-9bfa21dd9f33",
    "data": [
      {
        "text": "Est-ce que je peux décider de reporter une mensualité à n\u0027importe quel moment ?",
        "userDefined": false
      }
    ],
    "isTemplate": false,
    "count": 0
  },
  {
    "id": "ae455f43-9192-4d07-b83f-4309e76ce66f",
    "data": [
      {
        "text": "Est-ce que je peux faire un report à n\u0027importe quel moment ?",
        "userDefined": false
      }
    ],
    "isTemplate": false,
    "count": 0
  }
]