[
  {
    "id": "b678085c-f069-4d54-9ed2-8df3fc2d2b7b",
    "data": [
      {
        "text": "avant combien de temps je dois le faire?",
        "userDefined": false
      }
    ],
    "isTemplate": false,
    "count": 0
  },
  {
    "id": "893b764b-143a-4f53-a46b-139003ad1e42",
    "data": [
      {
        "text": "Je peux le faire quand je veux?",
        "userDefined": false
      }
    ],
    "isTemplate": false,
    "count": 0
  },
  {
    "id": "711a2453-a3be-43be-ad45-fe0080907c42",
    "data": [
      {
        "text": "quand est-ce que je peux le faire?",
        "userDefined": false
      }
    ],
    "isTemplate": false,
    "count": 0
  }
]