[
  {
    "id": "33f174fb-d22f-4064-b9b4-cbd461569012",
    "data": [
      {
        "text": "Je veux repousser mon paiement",
        "userDefined": false
      }
    ],
    "isTemplate": false,
    "count": 0
  },
  {
    "id": "3bbea1ff-40a3-4ded-be5a-ebcf869daa50",
    "data": [
      {
        "text": "comment je peux repousser mon paiement?",
        "userDefined": false
      }
    ],
    "isTemplate": false,
    "count": 0
  },
  {
    "id": "cbd7ac02-6f68-4f71-bd37-79124294028d",
    "data": [
      {
        "text": "comment je fais un report de mensualité",
        "userDefined": false
      }
    ],
    "isTemplate": false,
    "count": 0
  },
  {
    "id": "5ce2ecad-da51-4524-a846-4dd0813f4ff1",
    "data": [
      {
        "text": "Est-ce que je peux reporter une mensualité ?",
        "userDefined": false
      }
    ],
    "isTemplate": false,
    "count": 0
  },
  {
    "id": "81fd52e2-16c8-4a17-a6c7-bd6238c71fbd",
    "data": [
      {
        "text": "Comment je fais pour reporter ",
        "userDefined": false
      },
      {
        "text": "une",
        "meta": "@sys.ignore",
        "userDefined": false
      },
      {
        "text": " mensualité ?",
        "userDefined": false
      }
    ],
    "isTemplate": false,
    "count": 0
  },
  {
    "id": "22b6925a-9a57-4724-810d-9fc716597773",
    "data": [
      {
        "text": "Auprès de qui dois-je faire ",
        "userDefined": false
      },
      {
        "text": "un",
        "meta": "@sys.ignore",
        "userDefined": false
      },
      {
        "text": " report de mensualité ?",
        "userDefined": false
      }
    ],
    "isTemplate": false,
    "count": 0
  },
  {
    "id": "5d84e403-15ff-44d8-a8bc-758b6af52c91",
    "data": [
      {
        "text": "je veux faire ",
        "userDefined": false
      },
      {
        "text": "un",
        "meta": "@sys.ignore",
        "userDefined": false
      },
      {
        "text": " report",
        "userDefined": false
      }
    ],
    "isTemplate": false,
    "count": 1
  },
  {
    "id": "b2f855d2-733b-439c-bf5b-6976c4af686c",
    "data": [
      {
        "text": "comment puis-je demander un report de mensualité ?",
        "userDefined": false
      }
    ],
    "isTemplate": false,
    "count": 0
  }
]