[
  {
    "id": "b3bd8395-cb7d-4020-9a04-fbcdd3ad724b",
    "data": [
      {
        "text": "Où est-ce que je fais ça?",
        "userDefined": false
      }
    ],
    "isTemplate": false,
    "count": 0
  },
  {
    "id": "34c76b15-3704-421c-92ee-3efc9c34a1c9",
    "data": [
      {
        "text": "Comment je fais ça?",
        "userDefined": false
      }
    ],
    "isTemplate": false,
    "count": 0
  },
  {
    "id": "e00fe3a0-a502-4922-bcb7-884b427524d5",
    "data": [
      {
        "text": "Comment je peux le faire?",
        "userDefined": false
      }
    ],
    "isTemplate": false,
    "count": 0
  }
]