[
  {
    "id": "abcf7996-cf2d-433e-9575-48ba9f573d58",
    "data": [
      {
        "text": "C\u0027est quoi un report de mensualité ?",
        "userDefined": false
      }
    ],
    "isTemplate": false,
    "count": 0
  },
  {
    "id": "81113a25-8fec-4ecd-9738-f3649dc4575f",
    "data": [
      {
        "text": "Qu\u0027est-ce qu\u0027un report de mensualité ?",
        "userDefined": false
      }
    ],
    "isTemplate": false,
    "count": 0
  },
  {
    "id": "34224867-785c-43a2-bc04-4d8dfb2f664f",
    "data": [
      {
        "text": "Que signifie report de mensualité?",
        "userDefined": false
      }
    ],
    "isTemplate": false,
    "count": 0
  },
  {
    "id": "7fb50e61-a162-42a3-9c5e-2cb5aaf7cc5a",
    "data": [
      {
        "text": "c\u0027est quoi ",
        "userDefined": false
      },
      {
        "text": "un",
        "meta": "@sys.ignore",
        "userDefined": false
      },
      {
        "text": " report de mensualité?",
        "userDefined": false
      }
    ],
    "isTemplate": false,
    "count": 0
  },
  {
    "id": "5979d22f-9a26-4996-880e-fefd529f6bfa",
    "data": [
      {
        "text": "qu\u0027est-ce qu\u0027un report de mensualité?",
        "userDefined": false
      }
    ],
    "isTemplate": false,
    "count": 0
  }
]