[
  {
    "id": "3d214615-fbe8-4e84-9b87-960b3e677ae3",
    "data": [
      {
        "text": "et si j\u0027oublie de payer ?",
        "userDefined": false
      }
    ],
    "isTemplate": false,
    "count": 0
  },
  {
    "id": "f88a2743-9a08-4559-916f-e2ed692ea87a",
    "data": [
      {
        "text": "il se passe quoi si je suis en retard pour payer ?",
        "userDefined": false
      }
    ],
    "isTemplate": false,
    "count": 0
  },
  {
    "id": "14cc31af-e15c-4a79-8c0f-3e6c210b75fb",
    "data": [
      {
        "text": "je risque quoi si je suis en retard pour payer ?",
        "userDefined": false
      }
    ],
    "isTemplate": false,
    "count": 0
  },
  {
    "id": "7cc39e7b-9347-43be-b055-c472a07e9834",
    "data": [
      {
        "text": "vous faites quoi si j\u0027ai un retard de paiement ?",
        "userDefined": false
      }
    ],
    "isTemplate": false,
    "count": 0
  },
  {
    "id": "f1448bc4-fa08-42d2-bcdd-c0b5b510f8f0",
    "data": [
      {
        "text": "quelles conséquences si j\u0027ai un retard de paiement ?",
        "userDefined": false
      }
    ],
    "isTemplate": false,
    "count": 0
  },
  {
    "id": "a756c06d-5769-4ea9-b07e-af47dedba372",
    "data": [
      {
        "text": "qu\u0027est ce que je risque en cas de retard de paiement ?",
        "userDefined": false
      }
    ],
    "isTemplate": false,
    "count": 0
  },
  {
    "id": "0f01f136-5e2f-4699-b964-4c9f79892385",
    "data": [
      {
        "text": "que se passe-t-il si j\u0027ai un retard de paiement ?",
        "userDefined": false
      }
    ],
    "isTemplate": false,
    "count": 0
  },
  {
    "id": "db400d53-8aec-4ea1-bab6-bc0d9f1c2ccd",
    "data": [
      {
        "text": "Et si je ne peux pas payer à la date demandée ?",
        "userDefined": false
      }
    ],
    "isTemplate": false,
    "count": 1
  },
  {
    "id": "b55054d2-6202-4dbb-81eb-225dc6dfab7b",
    "data": [
      {
        "text": "Que se passe t-il si j\u0027ai un retard de paiement ?",
        "userDefined": false
      }
    ],
    "isTemplate": false,
    "count": 0
  }
]