[
  {
    "id": "7b87ed23-71a4-4dda-b81f-f233ea72cf01",
    "data": [
      {
        "text": "La ferme",
        "userDefined": false
      }
    ],
    "isTemplate": false,
    "count": 0
  },
  {
    "id": "88b0a750-b8b2-48a6-8342-e0d6e4a4c89c",
    "data": [
      {
        "text": "Ta gueule",
        "userDefined": false
      }
    ],
    "isTemplate": false,
    "count": 0
  },
  {
    "id": "6cef4545-e718-4260-8ce4-0b9a035f39c9",
    "data": [
      {
        "text": "Arrête",
        "userDefined": false
      }
    ],
    "isTemplate": false,
    "count": 0
  },
  {
    "id": "83d51de7-1438-4857-af62-5882992e024c",
    "data": [
      {
        "text": "Stop",
        "userDefined": false
      }
    ],
    "isTemplate": false,
    "count": 0
  }
]