[
  {
    "id": "d5426d4c-cfdd-42ce-9d29-da36a962d676",
    "data": [
      {
        "text": "Je ne comprends pas \"taux fixe\".",
        "userDefined": false
      }
    ],
    "isTemplate": false,
    "count": 0,
    "updated": 1549914501
  },
  {
    "id": "71bd8f06-f68a-4f88-a3c1-6a1bc5c6a8ee",
    "data": [
      {
        "text": "Que signifie taux fixe ?",
        "userDefined": false
      }
    ],
    "isTemplate": false,
    "count": 0,
    "updated": 1549914501
  },
  {
    "id": "3ffd17a4-bc3d-4bac-a8ba-10eac1295be7",
    "data": [
      {
        "text": "Est-ce que le taux sera toujours fixe?",
        "userDefined": false
      }
    ],
    "isTemplate": false,
    "count": 0,
    "updated": 1549914501
  }
]