[
  {
    "id": "f2eb0df9-7a3e-4d2a-b6d6-cdd83ac5b44e",
    "data": [
      {
        "text": "Je souhaite voyager",
        "userDefined": false
      }
    ],
    "isTemplate": false,
    "count": 0,
    "updated": 1549913321
  },
  {
    "id": "fa6ff4e3-23b8-4082-9e14-f8db39792564",
    "data": [
      {
        "text": "Je pars en ",
        "userDefined": false
      },
      {
        "text": "Colombie",
        "alias": "geo-state",
        "meta": "@sys.geo-state",
        "userDefined": true
      }
    ],
    "isTemplate": false,
    "count": 0,
    "updated": 1549913321
  }
]